provinceName,province_confirmedCount,province_suspectedCount,province_curedCount,province_deadCount,submission_date
HB,1,0,0,0,2020/1/22
HB,2,0,0,1,2020/1/24
HB,1,0,0,1,2020/1/24
HB,8,0,0,1,2020/1/25
HB,13,0,0,1,2020/1/26
HB,18,0,0,1,2020/1/27
HB,33,0,0,1,2020/1/28
HB,48,0,0,1,2020/1/29
HB,65,0,0,1,2020/1/30
HB,82,0,0,1,2020/1/31
HB,96,0,0,1,2020/2/1
HB,104,1,3,1,2020/2/2
HB,104,1,0,1,2020/2/2
HB,113,0,3,1,2020/2/3
HB,126,0,4,1,2020/2/4
HB,126,0,3,1,2020/2/4
HB,135,0,6,1,2020/2/5
HB,135,0,4,1,2020/2/5
HB,135,0,5,1,2020/2/5
HB,136,0,5,1,2020/2/5
HB,157,0,13,1,2020/2/6
HB,157,0,12,1,2020/2/6
HB,157,0,10,1,2020/2/6
HB,157,0,9,1,2020/2/6
HB,157,0,7,1,2020/2/6
HB,172,0,22,1,2020/2/7
HB,172,0,20,1,2020/2/7
HB,172,0,18,1,2020/2/7
HB,172,0,17,1,2020/2/7
HB,172,0,16,1,2020/2/7
HB,171,0,16,1,2020/2/7
HB,195,0,30,1,2020/2/8
HB,195,0,28,1,2020/2/8
HB,195,0,25,1,2020/2/8
HB,206,0,34,2,2020/2/9
HB,206,0,32,2,2020/2/9
HB,206,0,30,2,2020/2/9
HB,218,0,41,2,2020/2/10
HB,218,0,35,2,2020/2/10
HB,239,0,48,2,2020/2/11
HB,239,0,42,2,2020/2/11
HB,239,0,41,2,2020/2/11
HB,251,0,54,2,2020/2/12
HB,251,0,52,2,2020/2/12
HB,251,0,50,2,2020/2/12
HB,251,0,49,2,2020/2/12
HB,251,0,48,2,2020/2/12
HB,265,0,68,3,2020/2/13
HB,265,0,66,3,2020/2/13
HB,265,0,60,3,2020/2/13
HB,265,0,56,3,2020/2/13
HB,265,0,55,3,2020/2/13
HB,265,0,54,3,2020/2/13
HB,251,0,54,2,2020/2/13
HB,283,0,87,3,2020/2/14
HB,283,0,85,3,2020/2/14
HB,283,0,80,3,2020/2/14
HB,283,0,74,3,2020/2/14
HB,283,0,72,3,2020/2/14
HB,283,0,70,3,2020/2/14
HB,283,0,69,3,2020/2/14
HB,291,0,101,3,2020/2/15
HB,291,0,97,3,2020/2/15
HB,291,0,92,3,2020/2/15
HB,291,0,87,3,2020/2/15
HB,291,0,86,3,2020/2/15
HB,300,0,105,3,2020/2/16
HB,300,0,104,3,2020/2/16
HB,300,0,103,3,2020/2/16
HB,300,0,101,3,2020/2/16
HB,301,0,122,3,2020/2/17
HB,301,0,114,3,2020/2/17
HB,301,0,113,3,2020/2/17
HB,301,0,111,3,2020/2/17
HB,301,0,109,3,2020/2/17
HB,302,0,136,4,2020/2/18
HB,302,0,130,4,2020/2/18
HB,302,0,129,4,2020/2/18
HB,302,0,127,4,2020/2/18
HB,302,0,123,4,2020/2/18
HB,306,0,152,4,2020/2/19
HB,306,0,143,4,2020/2/19
HB,306,0,141,4,2020/2/19
HB,306,0,140,4,2020/2/19
HB,306,0,136,4,2020/2/19
HB,307,0,169,5,2020/2/20
HB,307,0,168,5,2020/2/20
HB,307,0,157,5,2020/2/20
HB,307,0,155,5,2020/2/20
HB,307,0,154,5,2020/2/20
HB,307,0,152,5,2020/2/20
HB,308,0,184,5,2020/2/21
HB,308,0,183,5,2020/2/21
HB,308,0,172,5,2020/2/21
HB,308,0,170,5,2020/2/21
HB,309,0,203,6,2020/2/22
HB,309,0,202,6,2020/2/22
HB,309,0,194,6,2020/2/22
HB,309,0,191,6,2020/2/22
HB,309,0,187,6,2020/2/22
HB,309,0,184,6,2020/2/22
HB,311,0,219,6,2020/2/23
HB,311,0,217,6,2020/2/23
HB,311,0,213,6,2020/2/23
HB,311,0,207,6,2020/2/23
HB,311,0,206,6,2020/2/23
HB,311,0,204,6,2020/2/23
HB,311,0,234,6,2020/2/24
HB,311,0,230,6,2020/2/24
HB,311,0,229,6,2020/2/24
HB,311,0,221,6,2020/2/24
HB,311,0,248,6,2020/2/25
HB,311,0,244,6,2020/2/25
HB,311,0,242,6,2020/2/25
HB,311,0,241,6,2020/2/25
HB,312,0,261,6,2020/2/26
HB,312,0,248,6,2020/2/26
HB,317,0,274,6,2020/2/27
HB,317,0,269,6,2020/2/27
HB,317,0,264,6,2020/2/27
HB,317,0,261,6,2020/2/27
HB,318,0,277,6,2020/2/28
HB,318,0,274,6,2020/2/28
HB,318,0,282,6,2020/2/29
HB,318,0,281,6,2020/2/29
HB,318,0,294,6,2020/3/1
HB,318,0,291,6,2020/3/1
HB,318,0,289,6,2020/3/1
HB,318,0,283,6,2020/3/1
HB,318,0,296,6,2020/3/2
HB,318,0,300,6,2020/3/3
HB,318,0,299,6,2020/3/3
HB,318,0,297,6,2020/3/3
HB,318,0,301,6,2020/3/4
HB,318,0,304,6,2020/3/5
HB,318,0,303,6,2020/3/5
HB,318,0,305,6,2020/3/6
HB,318,0,307,6,2020/3/7
HB,318,0,308,6,2020/3/12
HB,318,0,310,6,2020/3/13
HB,319,0,310,6,2020/3/22
HB,319,0,310,6,2020/3/23
HB,321,0,310,6,2020/3/30
HB,323,0,310,6,2020/4/1
HB,325,0,310,6,2020/4/2
HB,326,0,310,6,2020/4/3
HB,327,0,310,6,2020/4/5
HB,327,0,312,6,2020/4/7
HB,327,0,313,6,2020/4/9
HB,327,0,314,6,2020/4/14
HB,328,0,315,6,2020/4/16
HB,328,0,316,6,2020/4/17
HB,328,0,317,6,2020/4/20
HB,328,0,318,6,2020/4/25
HB,328,0,320,6,2020/5/5
HB,328,0,321,6,2020/5/10
HB,328,0,322,6,2020/5/18
HB,331,0,322,6,2020/6/15
HB,335,0,322,6,2020/6/16
HB,336,0,322,6,2020/6/17
HB,338,0,322,6,2020/6/18
HB,340,0,322,6,2020/6/19
HB,341,0,322,6,2020/6/20
HB,344,0,322,6,2020/6/21
HB,346,0,322,6,2020/6/22
HB,346,0,323,6,2020/6/23
HB,348,0,323,6,2020/6/24
HB,349,0,323,6,2020/6/25
HB,349,0,324,6,2020/6/26
HB,349,0,326,6,2020/6/27
HB,349,0,331,6,2020/6/28
HB,349,0,333,6,2020/6/29
HB,349,0,334,6,2020/6/30
HB,349,0,336,6,2020/7/4
HB,349,0,337,6,2020/7/5
HB,349,0,339,6,2020/7/9
HB,349,0,340,6,2020/7/15
HB,349,0,341,6,2020/7/19
HB,349,0,342,6,2020/7/22
HB,349,0,343,6,2020/7/27
HB,350,0,343,6,2020/8/11
HB,351,0,343,6,2020/8/13
HB,354,0,343,6,2020/8/22
HB,359,0,343,6,2020/8/23
HB,360,0,343,6,2020/8/25
HB,362,0,343,6,2020/8/27
HB,365,0,346,6,2020/9/1
HB,365,0,347,6,2020/9/3
HB,365,0,354,6,2020/9/5
HB,365,0,355,6,2020/9/8
HB,365,0,356,6,2020/9/14
HB,365,0,357,6,2020/9/22
HB,365,0,358,6,2020/9/28
HB,367,0,358,6,2020/10/12
HB,368,0,358,6,2020/10/15
HB,368,0,359,6,2020/10/23
HB,369,0,359,6,2020/10/26
HB,371,0,359,6,2020/10/27
HB,372,0,359,6,2020/10/28
HB,373,0,359,6,2020/10/31
HB,373,0,360,6,2020/11/3
HB,373,0,361,6,2020/11/8
HB,373,0,362,6,2020/11/14
HB,373,0,363,6,2020/11/17
HB,373,0,365,6,2020/11/23
HB,373,0,366,6,2020/11/24
HB,373,0,367,6,2020/12/9
LN,2,0,0,0,2020/1/22
LN,0,1,0,0,2020/1/22
LN,3,0,0,0,2020/1/23
LN,4,0,0,0,2020/1/24
LN,3,0,0,0,2020/1/24
LN,16,0,0,0,2020/1/25
LN,15,0,0,0,2020/1/25
LN,12,0,0,0,2020/1/25
LN,21,0,0,0,2020/1/26
LN,19,0,0,0,2020/1/26
LN,18,0,0,0,2020/1/26
LN,17,0,0,0,2020/1/26
LN,27,0,0,0,2020/1/27
LN,24,0,0,0,2020/1/27
LN,23,0,0,0,2020/1/27
LN,22,0,0,0,2020/1/27
LN,34,0,0,0,2020/1/28
LN,30,0,0,0,2020/1/28
LN,39,0,1,0,2020/1/29
LN,39,0,0,0,2020/1/29
LN,38,0,0,0,2020/1/29
LN,37,0,0,0,2020/1/29
LN,36,0,0,0,2020/1/29
LN,41,0,1,0,2020/1/30
LN,48,0,1,0,2020/1/31
LN,45,0,1,0,2020/1/31
LN,64,0,1,0,2020/2/1
LN,63,0,1,0,2020/2/1
LN,60,0,1,0,2020/2/1
LN,70,0,1,0,2020/2/2
LN,69,0,1,0,2020/2/2
LN,64,0,1,0,2020/2/2
LN,74,0,1,0,2020/2/3
LN,73,0,1,0,2020/2/3
LN,81,0,2,0,2020/2/4
LN,77,0,2,0,2020/2/4
LN,77,0,1,0,2020/2/4
LN,89,0,4,0,2020/2/5
LN,88,0,4,0,2020/2/5
LN,88,0,3,0,2020/2/5
LN,81,0,3,0,2020/2/5
LN,94,0,5,0,2020/2/6
LN,91,0,5,0,2020/2/6
LN,91,0,4,0,2020/2/6
LN,99,0,7,0,2020/2/7
LN,96,0,7,0,2020/2/7
LN,95,0,7,0,2020/2/7
LN,95,0,6,0,2020/2/7
LN,94,0,6,0,2020/2/7
LN,105,0,8,0,2020/2/8
LN,103,0,8,0,2020/2/8
LN,103,0,7,0,2020/2/8
LN,107,0,12,0,2020/2/9
LN,106,0,12,0,2020/2/9
LN,106,0,11,0,2020/2/9
LN,105,0,12,0,2020/2/9
LN,105,0,11,0,2020/2/9
LN,105,0,9,0,2020/2/9
LN,108,0,13,0,2020/2/10
LN,108,0,12,0,2020/2/10
LN,111,0,19,0,2020/2/11
LN,111,0,18,0,2020/2/11
LN,108,0,17,0,2020/2/11
LN,108,0,16,0,2020/2/11
LN,116,0,20,1,2020/2/12
LN,116,0,20,0,2020/2/12
LN,116,0,19,0,2020/2/12
LN,117,0,22,1,2020/2/13
LN,116,0,22,1,2020/2/13
LN,116,0,21,1,2020/2/13
LN,116,0,20,1,2020/2/13
LN,119,0,29,1,2020/2/14
LN,117,0,29,1,2020/2/14
LN,117,0,24,1,2020/2/14
LN,119,0,31,1,2020/2/15
LN,119,0,30,1,2020/2/15
LN,121,0,40,1,2020/2/16
LN,121,0,35,1,2020/2/16
LN,120,0,35,1,2020/2/16
LN,121,0,43,1,2020/2/17
LN,121,0,41,1,2020/2/17
LN,121,0,53,1,2020/2/18
LN,121,0,49,1,2020/2/18
LN,121,0,46,1,2020/2/18
LN,121,0,45,1,2020/2/18
LN,121,0,55,1,2020/2/19
LN,121,0,59,1,2020/2/20
LN,121,0,58,1,2020/2/20
LN,121,0,61,1,2020/2/21
LN,121,0,66,1,2020/2/22
LN,121,0,73,1,2020/2/23
LN,121,0,81,1,2020/2/23
LN,121,0,68,1,2020/2/23
LN,121,0,80,1,2020/2/24
LN,121,0,74,1,2020/2/24
LN,121,0,83,1,2020/2/25
LN,121,0,88,1,2020/2/26
LN,121,0,93,1,2020/2/27
LN,121,0,92,1,2020/2/27
LN,121,0,96,1,2020/2/29
LN,121,0,95,1,2020/2/29
LN,122,0,103,1,2020/3/1
LN,122,0,102,1,2020/3/1
LN,122,0,101,1,2020/3/1
LN,122,0,103,1,2020/3/2
LN,125,0,106,1,2020/3/3
LN,125,0,105,1,2020/3/3
LN,125,0,104,1,2020/3/3
LN,125,0,103,1,2020/3/3
LN,125,0,107,1,2020/3/7
LN,125,0,109,1,2020/3/8
LN,125,0,108,1,2020/3/8
LN,125,0,111,1,2020/3/10
LN,125,0,110,1,2020/3/10
LN,125,0,112,1,2020/3/12
LN,125,0,113,1,2020/3/14
LN,125,0,114,1,2020/3/15
LN,125,0,115,1,2020/3/16
LN,125,0,120,1,2020/3/17
LN,125,0,119,1,2020/3/17
LN,125,0,122,1,2020/3/18
LN,126,0,122,2,2020/3/20
LN,126,0,124,2,2020/3/22
LN,127,0,124,2,2020/3/23
LN,128,3,124,2,2020/3/26
LN,128,0,124,2,2020/3/27
LN,129,3,124,2,2020/3/27
LN,132,0,124,2,2020/3/28
LN,131,0,124,2,2020/3/28
LN,134,0,124,2,2020/3/29
LN,136,0,124,2,2020/3/30
LN,139,0,124,2,2020/3/31
LN,140,0,124,2,2020/4/1
LN,141,0,124,2,2020/4/2
LN,141,0,125,2,2020/4/4
LN,142,0,126,2,2020/4/5
LN,142,0,128,2,2020/4/6
LN,144,0,130,2,2020/4/7
LN,144,0,131,2,2020/4/8
LN,144,0,132,2,2020/4/9
LN,145,0,133,2,2020/4/11
LN,145,0,136,2,2020/4/12
LN,145,0,138,2,2020/4/14
LN,145,0,140,2,2020/4/16
LN,146,0,140,2,2020/4/17
LN,146,0,142,2,2020/4/18
LN,146,0,143,2,2020/4/20
LN,146,0,144,2,2020/5/2
LN,147,0,144,2,2020/5/10
LN,149,0,144,2,2020/5/14
LN,149,0,145,2,2020/5/24
LN,149,0,147,2,2020/5/26
LN,151,0,147,2,2020/6/14
LN,152,0,147,2,2020/6/16
LN,153,0,147,2,2020/6/19
LN,153,0,147,2,2020/6/20
LN,154,0,147,2,2020/6/22
LN,155,0,147,2,2020/6/29
LN,155,0,148,2,2020/7/1
LN,156,0,148,2,2020/7/3
LN,156,0,149,2,2020/7/4
LN,156,0,150,2,2020/7/5
LN,157,0,150,2,2020/7/6
LN,159,0,150,2,2020/7/7
LN,162,0,150,2,2020/7/9
LN,164,0,150,2,2020/7/11
LN,164,0,153,2,2020/7/19
LN,164,0,154,2,2020/7/20
LN,164,0,156,2,2020/7/21
LN,165,0,157,2,2020/7/22
LN,164,0,157,2,2020/7/22
LN,165,0,158,2,2020/7/23
LN,189,0,159,2,2020/7/26
LN,203,0,160,2,2020/7/27
LN,217,0,160,2,2020/7/29
LN,209,0,160,2,2020/7/29
LN,222,0,160,2,2020/7/30
LN,233,0,160,2,2020/7/31
LN,241,0,160,2,2020/8/1
LN,244,0,160,2,2020/8/2
LN,253,0,160,2,2020/8/3
LN,255,0,160,2,2020/8/4
LN,258,0,161,2,2020/8/6
LN,259,0,165,2,2020/8/7
LN,258,0,165,2,2020/8/7
LN,259,0,168,2,2020/8/8
LN,259,0,174,2,2020/8/9
LN,261,0,181,2,2020/8/10
LN,261,0,186,2,2020/8/11
LN,261,0,191,2,2020/8/12
LN,261,0,202,2,2020/8/13
LN,261,0,207,2,2020/8/14
LN,261,0,220,2,2020/8/15
LN,261,0,226,2,2020/8/16
LN,261,0,227,2,2020/8/17
LN,261,0,230,2,2020/8/18
LN,261,0,232,2,2020/8/19
LN,261,0,242,2,2020/8/20
LN,261,0,245,2,2020/8/21
LN,261,0,248,2,2020/8/23
LN,261,0,250,2,2020/8/24
LN,263,0,250,2,2020/8/24
LN,263,0,248,2,2020/8/24
LN,262,0,253,2,2020/8/25
LN,261,0,253,2,2020/8/25
LN,262,0,254,2,2020/8/26
LN,262,0,256,2,2020/8/28
LN,262,0,258,2,2020/8/29
LN,262,0,259,2,2020/8/30
LN,263,0,259,2,2020/9/2
LN,263,0,260,2,2020/9/8
LN,264,0,260,2,2020/9/11
LN,264,0,261,2,2020/9/13
LN,264,0,262,2,2020/9/16
LN,265,0,262,2,2020/9/19
LN,267,0,262,2,2020/9/24
LN,267,0,263,2,2020/9/25
LN,271,0,263,2,2020/9/27
LN,271,0,264,2,2020/10/3
LN,271,0,266,2,2020/10/4
LN,271,0,268,2,2020/10/8
LN,273,0,268,2,2020/10/9
LN,275,0,269,2,2020/10/10
LN,276,0,269,2,2020/10/11
LN,280,0,269,2,2020/10/12
LN,280,0,270,2,2020/10/16
LN,280,0,271,2,2020/10/21
LN,283,0,272,2,2020/10/25
LN,283,0,273,2,2020/10/27
LN,283,0,276,2,2020/10/29
LN,283,0,278,2,2020/11/1
LN,284,0,279,2,2020/11/6
LN,285,0,279,2,2020/11/9
LN,285,0,280,2,2020/11/10
LN,286,0,280,2,2020/11/11
LN,288,0,280,2,2020/11/14
LN,289,0,280,2,2020/11/18
LN,289,0,281,2,2020/11/19
LN,289,0,283,2,2020/11/23
LN,289,0,285,2,2020/11/25
LN,289,0,286,2,2020/11/27
LN,289,0,287,2,2020/12/4
LN,290,0,287,2,2020/12/19
LN,291,0,287,2,2020/12/20
LN,292,0,287,2,2020/12/21
LN,294,0,287,2,2020/12/22
LN,295,0,287,2,2020/12/23
LN,302,0,287,2,2020/12/24
LN,310,0,287,2,2020/12/25
LN,316,0,287,2,2020/12/26
LN,323,0,287,2,2020/12/27
LN,329,0,287,2,2020/12/28
LN,337,0,287,2,2020/12/29
LN,342,0,287,2,2020/12/30
LN,347,0,287,2,2020/12/31
SX,1,0,0,0,2020/1/22
SX,0,1,0,0,2020/1/22
SX,1,0,0,0,2020/1/24
SX,6,0,0,0,2020/1/25
SX,9,0,0,0,2020/1/26
SX,13,0,0,0,2020/1/27
SX,20,0,0,0,2020/1/28
SX,27,0,1,0,2020/1/29
SX,27,0,0,0,2020/1/29
SX,35,0,1,0,2020/1/30
SX,39,0,1,0,2020/1/31
SX,47,0,1,0,2020/2/1
SX,56,0,2,0,2020/2/2
SX,56,0,1,0,2020/2/2
SX,66,0,2,0,2020/2/3
SX,66,0,3,0,2020/2/3
SX,74,0,4,0,2020/2/4
SX,74,0,2,0,2020/2/4
SX,81,0,5,0,2020/2/5
SX,81,0,4,0,2020/2/5
SX,90,0,12,0,2020/2/6
SX,90,0,8,0,2020/2/6
SX,90,0,6,0,2020/2/6
SX,96,0,15,0,2020/2/7
SX,96,0,12,0,2020/2/7
SX,104,0,20,0,2020/2/8
SX,104,0,15,0,2020/2/8
SX,115,0,22,0,2020/2/9
SX,115,0,21,0,2020/2/9
SX,115,71,21,0,2020/2/9
SX,119,0,25,0,2020/2/10
SX,122,0,30,0,2020/2/11
SX,122,0,28,0,2020/2/11
SX,122,0,26,0,2020/2/11
SX,124,0,33,0,2020/2/12
SX,124,0,32,0,2020/2/12
SX,124,0,30,0,2020/2/12
SX,126,0,33,0,2020/2/13
SX,124,0,33,0,2020/2/13
SX,126,0,38,0,2020/2/14
SX,126,0,36,0,2020/2/14
SX,127,0,42,0,2020/2/15
SX,127,0,38,0,2020/2/15
SX,128,0,49,0,2020/2/16
SX,128,0,48,0,2020/2/16
SX,128,0,46,0,2020/2/16
SX,129,0,51,0,2020/2/17
SX,129,0,50,0,2020/2/17
SX,130,0,60,0,2020/2/18
SX,130,0,57,0,2020/2/18
SX,130,0,54,0,2020/2/18
SX,130,0,53,0,2020/2/18
SX,131,0,63,0,2020/2/19
SX,131,0,62,0,2020/2/19
SX,131,0,61,0,2020/2/19
SX,131,0,73,0,2020/2/20
SX,131,0,70,0,2020/2/20
SX,131,0,68,0,2020/2/20
SX,132,0,76,0,2020/2/21
SX,132,0,79,0,2020/2/22
SX,132,0,78,0,2020/2/22
SX,132,0,89,0,2020/2/23
SX,132,0,87,0,2020/2/23
SX,132,0,85,0,2020/2/23
SX,132,0,82,0,2020/2/23
SX,132,0,81,0,2020/2/23
SX,132,0,91,0,2020/2/24
SX,132,0,88,0,2020/2/24
SX,133,0,96,0,2020/2/25
SX,133,0,94,0,2020/2/25
SX,133,0,104,0,2020/2/26
SX,133,0,102,0,2020/2/26
SX,133,0,98,0,2020/2/26
SX,133,0,106,0,2020/2/27
SX,133,0,109,0,2020/2/28
SX,133,0,107,0,2020/2/28
SX,133,0,113,0,2020/2/29
SX,133,0,115,0,2020/3/1
SX,133,0,114,0,2020/3/1
SX,133,0,117,0,2020/3/2
SX,133,0,116,0,2020/3/2
SX,133,0,120,0,2020/3/3
SX,133,0,119,0,2020/3/3
SX,133,0,124,0,2020/3/4
SX,133,0,126,0,2020/3/5
SX,133,0,127,0,2020/3/9
SX,133,0,128,0,2020/3/10
SX,133,0,131,0,2020/3/11
SX,133,0,132,0,2020/3/12
SX,133,0,133,0,2020/3/13
SX,134,0,133,0,2020/3/24
SX,135,0,133,0,2020/3/26
SX,136,1,133,0,2020/3/29
SX,137,4,133,0,2020/4/1
SX,138,5,133,0,2020/4/5
SX,163,5,134,0,2020/4/8
SX,166,5,134,0,2020/4/9
SX,168,5,134,0,2020/4/10
SX,172,5,135,0,2020/4/11
SX,173,5,135,0,2020/4/13
SX,186,18,135,0,2020/4/15
SX,194,18,135,0,2020/4/16
SX,197,18,135,0,2020/4/17
SX,197,18,140,0,2020/4/21
SX,197,18,142,0,2020/4/23
SX,197,18,149,0,2020/4/25
SX,197,18,154,0,2020/4/26
SX,197,18,157,0,2020/4/27
SX,197,18,160,0,2020/4/28
SX,197,18,164,0,2020/4/30
SX,197,18,172,0,2020/5/1
SX,197,18,176,0,2020/5/2
SX,198,18,176,0,2020/5/3
SX,198,64,180,0,2020/5/4
SX,198,64,190,0,2020/5/5
SX,198,64,193,0,2020/5/6
SX,198,64,194,0,2020/5/7
SX,198,64,195,0,2020/5/8
SX,198,64,196,0,2020/5/9
SX,198,64,197,0,2020/5/10
SX,198,64,198,0,2020/5/13
SX,199,64,198,0,2020/7/8
SX,200,64,198,0,2020/7/11
SX,201,64,198,0,2020/7/15
SX,201,64,200,0,2020/7/19
SX,201,64,201,0,2020/7/26
SX,202,64,201,0,2020/8/24
SX,203,64,201,0,2020/8/31
SX,203,64,202,0,2020/9/12
SX,203,64,203,0,2020/9/20
SX,204,64,203,0,2020/9/28
SX,205,64,203,0,2020/10/5
SX,206,64,203,0,2020/10/7
SX,208,64,203,0,2020/10/12
SX,208,64,204,0,2020/10/15
SX,209,64,204,0,2020/10/19
SX,209,64,205,0,2020/10/24
SX,211,64,205,0,2020/10/25
SX,212,64,205,0,2020/10/26
SX,212,64,206,0,2020/10/29
SX,212,64,207,0,2020/10/31
SX,212,64,208,0,2020/11/1
SX,215,64,208,0,2020/11/2
SX,215,64,210,0,2020/11/4
SX,215,64,211,0,2020/11/5
SX,216,64,211,0,2020/11/6
SX,216,64,213,0,2020/11/7
SX,217,64,213,0,2020/11/8
SX,218,64,213,0,2020/11/9
SX,219,64,213,0,2020/11/16
SX,220,64,213,0,2020/11/18
SX,220,64,214,0,2020/11/22
SX,220,64,215,0,2020/11/23
SX,220,64,216,0,2020/11/26
SX,220,64,217,0,2020/11/27
SX,221,64,217,0,2020/11/30
SX,221,64,218,0,2020/12/2
SX,222,64,218,0,2020/12/5
SX,222,64,220,0,2020/12/15
SX,223,64,220,0,2020/12/18
SX,224,64,220,0,2020/12/21
SX,224,64,221,0,2020/12/23
LN,351,0,287,2,2021/1/1
LN,359,0,287,2,2021/1/2
LN,362,0,287,2,2021/1/3
HB,374,0,367,6,2021/1/3
HB,378,0,367,6,2021/1/4
LN,369,0,290,2,2021/1/4
LN,366,0,287,2,2021/1/4
SX,225,64,221,0,2021/1/4
LN,372,0,292,2,2021/1/5
HB,392,0,367,6,2021/1/5
SX,225,64,222,0,2021/1/5
HB,412,0,367,6,2021/1/6
LN,373,0,294,2,2021/1/6
LN,374,0,304,2,2021/1/7
HB,465,0,367,6,2021/1/7
LN,374,0,300,2,2021/1/7
HB,502,0,367,6,2021/1/8
LN,378,0,306,2,2021/1/8
HB,498,0,367,6,2021/1/8
LN,377,0,304,2,2021/1/8
LN,386,0,312,2,2021/1/9
SX,225,64,223,0,2021/1/9
LN,384,0,306,2,2021/1/9
HB,512,0,367,6,2021/1/9
LN,387,0,314,2,2021/1/10
HB,598,0,367,6,2021/1/10
HB,558,0,367,6,2021/1/10
SX,226,64,223,0,2021/1/10
LN,387,0,312,2,2021/1/10
HB,656,0,367,6,2021/1/11
LN,393,0,322,2,2021/1/11
HB,640,0,367,6,2021/1/11
LN,393,0,314,2,2021/1/11
SX,226,64,224,0,2021/1/11
LN,396,0,335,2,2021/1/12
HB,701,0,367,6,2021/1/12
LN,396,0,329,2,2021/1/12
LN,396,0,322,2,2021/1/12
HB,680,0,367,6,2021/1/12
HB,796,0,367,6,2021/1/13
LN,396,0,343,2,2021/1/13
SX,227,64,224,0,2021/1/13
HB,770,0,367,6,2021/1/13
LN,396,0,336,2,2021/1/13
HB,901,0,391,7,2021/1/14
HB,899,0,391,7,2021/1/14
LN,396,0,349,2,2021/1/14
HB,898,0,379,7,2021/1/14
HB,851,0,379,7,2021/1/14
HB,941,0,379,7,2021/1/15
LN,396,0,358,2,2021/1/15
LN,396,0,349,2,2021/1/15
SX,227,64,224,0,2021/1/15
HB,941,0,391,7,2021/1/15
HB,1063,0,379,7,2021/1/16
LN,396,0,359,2,2021/1/16
HB,1031,0,379,7,2021/1/16
HB,1001,0,379,7,2021/1/16
HB,1132,0,379,7,2021/1/17
LN,396,0,360,2,2021/1/17
LN,396,0,359,2,2021/1/17
HB,1103,0,379,7,2021/1/17
HB,1171,0,379,7,2021/1/18
LN,396,0,365,2,2021/1/18
LN,396,0,360,2,2021/1/18
HB,1157,0,379,7,2021/1/18
HB,1198,0,383,7,2021/1/19
LN,396,0,366,2,2021/1/19
HB,1192,0,383,7,2021/1/19
LN,396,0,365,2,2021/1/19
HB,1192,0,379,7,2021/1/19
SX,228,64,224,0,2021/1/19
HB,1222,0,384,7,2021/1/20
LN,396,0,368,2,2021/1/20
LN,396,0,366,2,2021/1/20
HB,1211,0,384,7,2021/1/20
HB,1198,0,383,7,2021/1/20
HB,1245,0,395,7,2021/1/21
LN,396,0,371,2,2021/1/21
SX,230,64,224,0,2021/1/21
HB,1231,0,395,7,2021/1/21
LN,396,0,369,2,2021/1/21
HB,1231,0,392,7,2021/1/21
HB,1231,0,384,7,2021/1/21
LN,396,0,374,2,2021/1/22
HB,1252,0,405,7,2021/1/22
SX,231,64,224,0,2021/1/22
HB,1249,0,405,7,2021/1/22
LN,396,0,372,2,2021/1/22
HB,1271,0,422,7,2021/1/23
LN,396,0,376,2,2021/1/23
HB,1264,0,422,7,2021/1/23
SX,235,64,224,0,2021/1/23
HB,1309,0,594,7,2021/1/27
HB,1306,0,584,7,2021/1/27
LN,397,0,380,2,2021/1/27
SX,237,64,225,0,2021/1/27
HB,1310,0,650,7,2021/1/28
LN,397,0,382,2,2021/1/28
HB,1309,0,641,7,2021/1/28
LN,397,0,381,2,2021/1/28
SX,238,64,226,0,2021/1/28
HB,1311,0,683,7,2021/1/29
HB,1311,0,676,7,2021/1/29
HB,1310,0,676,7,2021/1/29
HB,1310,0,650,7,2021/1/29
HB,1311,0,770,7,2021/1/30
SX,238,64,227,0,2021/1/30
HB,1311,0,683,7,2021/1/30
HB,1313,0,868,7,2021/1/31
SX,238,64,227,0,2021/1/31
HB,1312,0,868,7,2021/1/31
HB,1312,0,871,7,2021/1/31
LN,400,0,384,2,2021/1/31
HB,1311,0,773,7,2021/1/31
HB,1313,0,935,7,2021/2/1
LN,400,0,384,2,2021/2/1
SX,238,64,227,0,2021/2/1
HB,1313,0,932,7,2021/2/1
HB,1313,0,868,7,2021/2/1
HB,1314,0,979,7,2021/2/2
HB,1313,0,976,7,2021/2/2
SX,239,64,227,0,2021/2/2
LN,402,0,385,2,2021/2/2
HB,1314,0,1015,7,2021/2/3
LN,402,0,385,2,2021/2/3
SX,239,64,227,0,2021/2/3
HB,1316,0,1070,7,2021/2/4
HB,1316,0,1067,7,2021/2/4
LN,402,0,386,2,2021/2/4
HB,1316,0,1117,7,2021/2/5
LN,402,0,388,2,2021/2/5
HB,1316,0,1117,7,2021/2/6
SX,239,64,228,0,2021/2/6
LN,402,0,390,2,2021/2/6
HB,1316,0,1117,7,2021/2/7
LN,402,0,391,2,2021/2/7
HB,1316,0,1117,7,2021/2/8
SX,239,64,229,0,2021/2/8
LN,402,0,393,2,2021/2/8
LN,402,0,394,2,2021/2/9
HB,1316,0,1119,7,2021/2/9
HB,1316,0,1121,7,2021/2/10
SX,239,64,230,0,2021/2/10
LN,402,0,395,2,2021/2/10
HB,1316,0,1127,7,2021/2/11
LN,402,0,397,2,2021/2/11
HB,1316,0,1134,7,2021/2/12
LN,403,0,397,2,2021/2/12
SX,239,64,231,0,2021/2/13
HB,1316,0,1150,7,2021/2/13
LN,404,0,399,2,2021/2/13
HB,1316,0,1156,7,2021/2/14
HB,1317,0,1157,7,2021/2/15
LN,404,0,401,2,2021/2/16
SX,239,64,234,0,2021/2/17
HB,1317,0,1161,7,2021/2/18
SX,239,64,236,0,2021/2/18
HB,1317,0,1161,7,2021/2/19
SX,239,64,236,0,2021/2/19
LN,404,0,401,2,2021/2/19
HB,1317,0,1162,7,2021/2/20
SX,239,64,237,0,2021/2/20
LN,405,0,401,2,2021/2/20
HB,1317,0,1164,7,2021/2/21
LN,406,0,401,2,2021/2/21
HB,1317,0,1165,7,2021/2/22
HB,1317,0,1164,7,2021/2/22
HB,1317,0,1172,7,2021/2/23
SX,240,64,237,0,2021/2/23
HB,1317,0,1176,7,2021/2/24
SX,240,64,237,0,2021/2/24
LN,406,0,402,2,2021/2/24
SX,240,64,238,0,2021/2/25
HB,1317,0,1247,7,2021/2/25
SX,240,64,238,0,2021/2/26
HB,1317,0,1264,7,2021/2/26
HB,1317,0,1272,7,2021/2/27
HB,1317,0,1281,7,2021/2/28
SX,240,64,238,0,2021/3/1
HB,1317,0,1296,7,2021/3/1
HB,1317,0,1301,7,2021/3/2
HB,1317,0,1305,7,2021/3/3
HB,1317,0,1310,7,2021/3/4
HB,1317,0,1310,7,2021/3/8
SX,241,64,238,0,2021/3/8
LN,406,0,404,2,2021/3/9
SX,241,64,239,0,2021/3/10
SX,241,64,239,0,2021/3/15
HB,1317,0,1310,7,2021/3/15
SX,241,64,239,0,2021/3/19
SX,241,64,240,0,2021/3/21
LN,407,0,404,2,2021/3/22
LN,407,0,405,2,2021/3/27
LN,407,0,405,2,2021/3/29
LN,409,0,405,2,2021/4/3
LN,407,0,405,2,2021/4/6
SX,245,64,240,0,2021/4/6
SX,245,64,240,0,2021/4/7
SX,246,64,240,0,2021/4/9
SX,247,64,240,0,2021/4/10
LN,408,0,405,2,2021/4/10
SX,248,64,240,0,2021/4/11
SX,248,64,240,0,2021/4/13
LN,408,0,405,2,2021/4/13
HB,1317,0,1310,7,2021/4/13
SX,249,64,240,0,2021/4/15
SX,249,64,241,0,2021/4/20
SX,249,64,241,0,2021/4/21
HB,1317,0,1310,7,2021/4/21
SX,249,64,242,0,2021/4/22
LN,408,0,406,2,2021/4/23
SX,249,64,243,0,2021/4/27
LN,410,0,406,2,2021/4/27
SX,250,64,243,0,2021/4/29
SX,251,64,243,0,2021/4/30
SX,251,64,244,0,2021/5/8
LN,415,0,406,2,2021/5/16
SX,251,64,245,0,2021/5/17
LN,418,0,406,2,2021/5/17
LN,422,0,406,2,2021/5/18
SX,251,64,246,0,2021/5/19
LN,423,0,406,2,2021/5/20
SX,251,64,247,0,2021/5/22
LN,424,0,406,2,2021/5/22
LN,425,0,406,2,2021/5/23
SX,253,64,247,0,2021/5/25
LN,425,0,408,2,2021/5/25
LN,425,0,409,2,2021/5/27
LN,425,0,411,2,2021/5/28
LN,425,0,411,2,2021/5/29
SX,253,64,248,0,2021/5/29
LN,425,0,412,2,2021/5/30
LN,425,0,414,2,2021/5/31
LN,425,0,412,2,2021/5/31
LN,425,0,416,2,2021/6/2
SX,253,64,250,0,2021/6/4
LN,425,0,418,2,2021/6/5
LN,425,0,419,2,2021/6/6
LN,426,0,418,2,2021/6/7
LN,426,0,419,2,2021/6/7
LN,426,0,421,2,2021/6/12
SX,253,64,252,0,2021/6/20
LN,427,0,424,2,2021/6/29
LN,428,0,424,2,2021/7/2
LN,429,0,424,2,2021/7/4
LN,430,0,424,2,2021/7/6
LN,431,0,424,2,2021/7/14
LN,431,0,425,2,2021/7/15
SX,253,64,253,0,2021/7/17
LN,432,0,425,2,2021/7/25
LN,433,0,425,2,2021/7/26
LN,433,0,426,2,2021/7/27
LN,435,0,426,2,2021/7/28
LN,436,0,426,2,2021/7/30
LN,437,0,426,2,2021/7/31
LN,438,0,426,2,2021/8/4
SX,254,64,253,0,2021/8/4
LN,438,0,428,2,2021/8/5
LN,438,0,428,2,2021/8/7
LN,438,0,428,2,2021/8/10
LN,439,0,428,2,2021/8/13
LN,440,0,428,2,2021/8/14
SX,255,64,253,0,2021/8/16
LN,441,0,428,2,2021/8/16
LN,441,0,429,2,2021/8/19
SX,255,64,254,0,2021/8/19
LN,443,0,430,2,2021/8/20
SX,256,64,254,0,2021/8/23
LN,444,0,431,2,2021/8/26
LN,445,0,432,2,2021/8/27
LN,446,0,433,2,2021/8/28
SX,258,64,254,0,2021/8/28
SX,259,64,254,0,2021/8/30
LN,446,0,434,2,2021/8/30
LN,446,0,435,2,2021/9/3
SX,259,64,254,0,2021/9/3
HB,1317,0,1310,7,2021/9/3
LN,448,0,435,2,2021/9/7
LN,446,0,437,2,2021/9/7
LN,448,0,436,2,2021/9/8
LN,448,0,437,2,2021/9/9
SX,259,64,255,0,2021/9/9
SX,260,64,255,0,2021/9/11
LN,449,0,437,2,2021/9/12
LN,449,0,440,2,2021/9/16
LN,450,0,440,2,2021/9/18
LN,450,0,441,2,2021/9/21
LN,451,0,440,2,2021/9/23
LN,452,0,442,2,2021/9/25
LN,453,0,442,2,2021/9/27
LN,453,0,443,2,2021/9/28
LN,453,0,444,2,2021/9/29
SX,260,64,256,0,2021/9/30
LN,455,0,444,2,2021/9/30
LN,456,0,444,2,2021/10/2
LN,457,0,444,2,2021/10/3
HB,1318,0,1310,7,2021/10/4
SX,260,64,257,0,2021/10/5
HB,1319,0,1310,7,2021/10/6
LN,457,0,445,2,2021/10/6
LN,457,0,446,2,2021/10/7
LN,459,0,446,2,2021/10/9
LN,460,0,446,2,2021/10/10
SX,260,64,258,0,2021/10/10
LN,460,0,447,2,2021/10/11
LN,461,0,447,2,2021/10/12
LN,462,0,448,2,2021/10/14
SX,260,64,259,0,2021/10/15
LN,463,0,448,2,2021/10/17
LN,463,0,449,2,2021/10/21
LN,464,0,449,2,2021/10/22
LN,465,0,451,2,2021/10/23
LN,465,0,455,2,2021/10/25
HB,1321,0,1310,7,2021/10/25
SX,260,64,260,0,2021/10/26
LN,466,0,455,2,2021/10/27
LN,466,0,456,2,2021/10/28
HB,1322,0,1310,7,2021/10/31
LN,466,0,457,2,2021/10/31
HB,1332,0,1310,7,2021/11/1
HB,1330,0,1310,7,2021/11/1
HB,1338,0,1310,7,2021/11/2
LN,467,0,459,2,2021/11/3
HB,1352,0,1310,7,2021/11/3
LN,467,0,457,2,2021/11/3
LN,468,0,461,2,2021/11/4
HB,1375,0,1310,7,2021/11/4
LN,467,0,461,2,2021/11/4
HB,1385,0,1310,7,2021/11/5
LN,476,0,462,2,2021/11/5
HB,1399,0,1312,7,2021/11/6
HB,1394,0,1310,7,2021/11/6
HB,1399,0,1310,7,2021/11/6
LN,479,0,462,2,2021/11/6
LN,490,0,462,2,2021/11/7
HB,1415,0,1313,7,2021/11/7
HB,1423,0,1315,7,2021/11/8
HB,1423,0,1316,7,2021/11/8
SX,263,64,260,0,2021/11/8
LN,510,0,463,2,2021/11/8
LN,515,0,463,2,2021/11/9
HB,1435,0,1315,7,2021/11/9
LN,533,0,463,2,2021/11/10
HB,1440,0,1315,7,2021/11/10
HB,1443,0,1316,7,2021/11/11
HB,1443,0,1315,7,2021/11/11
LN,554,0,463,2,2021/11/11
HB,1445,0,1317,7,2021/11/12
LN,606,0,463,2,2021/11/12
HB,1445,0,1318,7,2021/11/12
HB,1449,0,1324,7,2021/11/13
LN,646,0,463,2,2021/11/13
HB,1449,0,1317,7,2021/11/13
LN,707,0,463,2,2021/11/14
HB,1452,0,1324,7,2021/11/14
LN,732,0,463,2,2021/11/15
HB,1453,0,1328,7,2021/11/15
SX,264,64,260,0,2021/11/15
LN,739,0,463,2,2021/11/16
HB,1453,0,1340,7,2021/11/16
HB,1453,0,1348,7,2021/11/17
LN,747,0,463,2,2021/11/17
LN,752,0,463,2,2021/11/18
HB,1453,0,1352,7,2021/11/18
HB,1453,0,1364,7,2021/11/19
LN,760,0,464,2,2021/11/19
LN,762,0,476,2,2021/11/20
LN,762,0,469,2,2021/11/20
HB,1453,0,1374,7,2021/11/20
LN,765,0,497,2,2021/11/21
LN,765,0,478,2,2021/11/21
HB,1453,0,1394,7,2021/11/21
LN,771,0,509,2,2021/11/22
LN,771,0,497,2,2021/11/22
HB,1453,0,1397,7,2021/11/22
HB,1453,0,1394,7,2021/11/22
LN,775,0,518,2,2021/11/23
LN,775,0,515,2,2021/11/23
LN,775,0,509,2,2021/11/23
HB,1453,0,1398,7,2021/11/23
LN,778,0,518,2,2021/11/24
HB,1453,0,1401,7,2021/11/24
LN,778,0,539,2,2021/11/25
HB,1453,0,1405,7,2021/11/25
LN,779,0,556,2,2021/11/26
HB,1453,0,1412,7,2021/11/26
LN,783,0,593,2,2021/11/27
LN,782,0,593,2,2021/11/27
HB,1453,0,1415,7,2021/11/27
LN,784,0,625,2,2021/11/28
HB,1453,0,1417,7,2021/11/28
LN,784,0,611,2,2021/11/28
LN,783,0,593,2,2021/11/28
LN,784,0,631,2,2021/11/29
LN,784,0,625,2,2021/11/29
HB,1453,0,1420,7,2021/11/29
SX,265,64,260,0,2021/11/29
LN,784,0,637,2,2021/11/30
LN,784,0,631,2,2021/11/30
HB,1453,0,1423,7,2021/11/30
LN,784,0,643,2,2021/12/1
LN,784,0,637,2,2021/12/1
HB,1453,0,1426,7,2021/12/1
LN,784,0,645,2,2021/12/2
HB,1453,0,1429,7,2021/12/2
LN,784,0,654,2,2021/12/3
LN,784,0,660,2,2021/12/4
HB,1457,0,1430,7,2021/12/4
LN,784,0,654,2,2021/12/4
LN,786,0,676,2,2021/12/5
LN,786,0,710,2,2021/12/6
LN,786,0,693,2,2021/12/6
HB,1458,0,1432,7,2021/12/6
LN,786,0,728,2,2021/12/7
HB,1458,0,1436,7,2021/12/7
LN,786,0,733,2,2021/12/8
HB,1458,0,1438,7,2021/12/8
HB,1458,0,1442,7,2021/12/9
LN,787,0,747,2,2021/12/10
HB,1458,0,1443,7,2021/12/10
SX,265,64,261,0,2021/12/10
HB,1458,0,1444,7,2021/12/11
LN,787,0,751,2,2021/12/11
HB,1458,0,1445,7,2021/12/12
LN,788,0,751,2,2021/12/12
LN,788,0,756,2,2021/12/13
HB,1458,0,1446,7,2021/12/13
LN,788,0,754,2,2021/12/13
LN,788,0,757,2,2021/12/16
SX,265,64,262,0,2021/12/16
LN,788,0,759,2,2021/12/17
SX,265,64,263,0,2021/12/17
SX,265,64,265,0,2021/12/18
LN,791,0,761,2,2021/12/19
LN,791,0,760,2,2021/12/19
HB,1458,0,1447,7,2021/12/19
LN,792,0,768,2,2021/12/20
LN,792,0,762,2,2021/12/20
LN,792,0,772,2,2021/12/22
HB,1458,0,1451,7,2021/12/23
LN,793,0,776,2,2021/12/24
LN,793,0,782,2,2021/12/25
LN,793,0,777,2,2021/12/25
LN,793,0,784,2,2021/12/26
LN,793,0,783,2,2021/12/26
LN,793,0,786,2,2021/12/27
LN,793,0,787,2,2021/12/28
SX,266,64,265,0,2021/12/31
LN,794,0,788,2,2021/12/31
LN,795,0,788,2,2022/1/1
LN,796,0,789,2,2022/1/2
LN,796,0,790,2,2022/1/5
LN,798,0,790,2,2022/1/7
LN,799,0,791,2,2022/1/8
LN,800,0,792,2,2022/1/9
LN,802,0,793,2,2022/1/10
LN,805,0,795,2,2022/1/14
LN,806,0,795,2,2022/1/15
LN,808,0,796,2,2022/1/16
LN,809,0,796,2,2022/1/17
LN,810,0,796,2,2022/1/18
LN,810,0,797,2,2022/1/19
LN,810,0,798,2,2022/1/23
HB,1461,0,1451,7,2022/1/24
LN,810,0,799,2,2022/1/24
SX,267,64,265,0,2022/1/24
LN,811,0,800,2,2022/1/25
LN,810,0,800,2,2022/1/25
HB,1463,0,1451,7,2022/1/25
HB,1464,0,1451,7,2022/1/26
HB,1474,0,1451,7,2022/2/3
LN,812,0,804,2,2022/2/3
SX,268,64,265,0,2022/2/3
LN,812,0,805,2,2022/2/4
HB,1476,0,1451,7,2022/2/6
LN,812,0,807,2,2022/2/6
SX,268,64,266,0,2022/2/7
LN,813,0,807,2,2022/2/8
HB,1476,0,1451,7,2022/2/8
LN,814,0,807,2,2022/2/9
LN,833,0,807,2,2022/2/10
LN,835,0,807,2,2022/2/11
LN,857,0,809,2,2022/2/12
LN,847,0,807,2,2022/2/12
HB,1476,0,1452,7,2022/2/12
LN,842,0,807,2,2022/2/12
HB,1476,0,1454,7,2022/2/13
LN,858,0,809,2,2022/2/13
LN,889,0,809,2,2022/2/14
HB,1476,0,1456,7,2022/2/14
LN,878,0,809,2,2022/2/14
HB,1476,0,1459,7,2022/2/15
LN,907,0,809,2,2022/2/15
SX,268,64,267,0,2022/2/15
LN,923,0,809,2,2022/2/16
LN,930,0,809,2,2022/2/17
HB,1476,0,1461,7,2022/2/17
LN,939,0,809,2,2022/2/18
LN,950,0,811,2,2022/2/19
LN,960,0,811,2,2022/2/20
HB,1476,0,1462,7,2022/2/20
LN,967,0,811,2,2022/2/21
SX,273,64,267,0,2022/2/21
LN,973,0,811,2,2022/2/22
SX,273,64,268,0,2022/2/22
LN,982,0,811,2,2022/2/23
HB,1476,0,1465,7,2022/2/23
SX,275,64,268,0,2022/2/24
LN,990,0,811,2,2022/2/24
HB,1476,0,1469,7,2022/2/25
LN,1008,0,811,2,2022/2/25
SX,278,64,268,0,2022/2/25
LN,1018,0,815,2,2022/2/26
LN,1026,0,817,2,2022/2/27
SX,279,64,268,0,2022/2/27
LN,1027,0,817,2,2022/2/28
SX,283,64,268,0,2022/2/28
SX,284,64,268,0,2022/3/1
LN,1027,0,818,2,2022/3/1
LN,1029,0,824,2,2022/3/2
SX,285,64,268,0,2022/3/2
HB,1477,0,1469,7,2022/3/3
SX,286,64,268,0,2022/3/3
LN,1029,0,828,2,2022/3/3
HB,1482,0,1469,7,2022/3/4
LN,1029,0,829,2,2022/3/4
HB,1488,0,1469,7,2022/3/5
SX,287,64,268,0,2022/3/5
LN,1031,0,846,2,2022/3/5
SX,288,64,268,0,2022/3/6
HB,1502,0,1469,7,2022/3/6
LN,1031,0,854,2,2022/3/6
HB,1511,0,1469,7,2022/3/7
LN,1031,0,873,2,2022/3/7
SX,289,64,268,0,2022/3/7
HB,1515,0,1469,7,2022/3/8
LN,1035,0,878,2,2022/3/8
SX,290,64,268,0,2022/3/8
HB,1526,0,1469,7,2022/3/9
LN,1036,0,884,2,2022/3/9
SX,293,64,268,0,2022/3/9
HB,1536,0,1469,7,2022/3/10
LN,1040,0,891,2,2022/3/10
SX,295,64,268,0,2022/3/10
HB,1552,0,1469,7,2022/3/11
LN,1044,0,900,2,2022/3/11
HB,1574,0,1469,7,2022/3/12
LN,1047,0,910,2,2022/3/12
HB,1607,0,1469,7,2022/3/13
SX,295,64,272,0,2022/3/13
LN,1052,0,924,2,2022/3/13
HB,1658,0,1469,7,2022/3/14
LN,1061,0,930,2,2022/3/14
LN,1086,0,941,2,2022/3/15
HB,1671,0,1469,7,2022/3/15
HB,1709,0,1469,7,2022/3/16
LN,1120,0,946,2,2022/3/16
LN,1086,0,941,2,2022/3/16
LN,1186,0,960,2,2022/3/17
SX,295,64,275,0,2022/3/17
HB,1747,0,1469,7,2022/3/17
LN,1233,0,969,2,2022/3/18
HB,1771,0,1472,7,2022/3/18
LN,1306,0,987,2,2022/3/19
HB,1775,0,1472,7,2022/3/19
SX,295,64,280,0,2022/3/19
LN,1345,0,994,2,2022/3/20
SX,295,64,286,0,2022/3/20
HB,1796,0,1485,7,2022/3/20
LN,1380,0,1001,2,2022/3/21
HB,1847,0,1502,7,2022/3/21
SX,295,64,288,0,2022/3/21
HB,1858,0,1514,7,2022/3/22
LN,1448,0,1004,2,2022/3/22
HB,1867,0,1529,7,2022/3/23
LN,1484,0,1015,2,2022/3/23
SX,297,64,288,0,2022/3/23
LN,1493,0,1019,2,2022/3/24
HB,1875,0,1537,7,2022/3/24
LN,1495,0,1021,2,2022/3/24
LN,1502,0,1025,2,2022/3/25
HB,1899,0,1548,7,2022/3/25
SX,300,64,294,0,2022/3/25
LN,1516,0,1030,2,2022/3/26
SX,303,64,294,0,2022/3/26
HB,1918,0,1556,7,2022/3/26
HB,1928,0,1571,7,2022/3/27
LN,1544,0,1046,2,2022/3/27
HB,1935,0,1579,7,2022/3/28
LN,1556,0,1065,2,2022/3/28
HB,1941,0,1602,7,2022/3/29
SX,306,64,294,0,2022/3/29
LN,1566,0,1082,2,2022/3/29
LN,1556,0,1065,2,2022/3/29
LN,1571,0,1109,2,2022/3/30
SX,308,64,294,0,2022/3/30
HB,1947,0,1631,7,2022/3/30
LN,1580,0,1151,2,2022/3/31
SX,310,64,295,0,2022/3/31
HB,1952,0,1653,7,2022/3/31
LN,1582,0,1151,2,2022/4/1
HB,1954,0,1684,7,2022/4/1
HB,1956,0,1717,7,2022/4/2
SX,310,64,296,0,2022/4/2
LN,1587,0,1233,2,2022/4/2
LN,1589,0,1297,2,2022/4/3
HB,1957,0,1749,7,2022/4/3
SX,311,64,297,0,2022/4/3
LN,1589,0,1307,2,2022/4/4
HB,1960,0,1775,7,2022/4/4
SX,315,64,299,0,2022/4/4
HB,1966,0,1794,7,2022/4/5
LN,1592,0,1353,2,2022/4/5
SX,319,64,300,0,2022/4/5
HB,1972,0,1808,7,2022/4/6
LN,1599,0,1391,2,2022/4/6
SX,327,64,300,0,2022/4/6
LN,1601,0,1419,2,2022/4/7
SX,334,64,300,0,2022/4/7
HB,1975,0,1837,7,2022/4/7
HB,1976,0,1854,7,2022/4/8
LN,1602,0,1449,2,2022/4/8
SX,339,64,300,0,2022/4/8
HB,1978,0,1865,7,2022/4/9
LN,1602,0,1467,2,2022/4/9
SX,345,64,300,0,2022/4/9
LN,1604,0,1500,2,2022/4/10
HB,1981,0,1882,7,2022/4/10
SX,350,64,302,0,2022/4/10
LN,1605,0,1517,2,2022/4/11
SX,351,64,303,0,2022/4/11
SX,394,64,338,0,2022/4/19
HB,1985,0,1955,7,2022/4/19
LN,1613,0,1591,2,2022/4/19
HB,1998,0,1972,7,2022/4/29
LN,1644,0,1608,2,2022/4/29
SX,418,64,376,0,2022/4/29
SX,418,64,373,0,2022/4/29
LN,1643,0,1607,2,2022/4/29
LN,1645,0,1608,2,2022/4/30
SX,418,64,380,0,2022/4/30
HB,1998,0,1973,7,2022/5/1
SX,418,64,384,0,2022/5/1
LN,1646,0,1608,2,2022/5/2
HB,1998,0,1977,7,2022/5/2
SX,418,64,389,0,2022/5/2
LN,1651,0,1609,2,2022/5/3
HB,1998,0,1978,7,2022/5/3
SX,420,64,393,0,2022/5/3
LN,1656,0,1626,2,2022/5/9
SX,420,64,407,0,2022/5/9
HB,2003,0,1986,7,2022/5/9
HB,2003,0,1987,7,2022/5/10
LN,1658,0,1636,2,2022/5/10
SX,420,64,408,0,2022/5/10
LN,1663,0,1639,2,2022/5/11
SX,420,64,411,0,2022/5/11
HB,2003,0,1988,7,2022/5/12
LN,1665,0,1641,2,2022/5/12
SX,420,64,414,0,2022/5/12
HB,2003,0,1989,7,2022/5/13
LN,1665,0,1644,2,2022/5/13
LN,1670,0,1657,2,2022/5/19
HB,2004,0,1990,7,2022/5/19
SX,420,64,419,0,2022/5/19
HB,2004,0,1994,7,2022/5/20
LN,1671,0,1661,2,2022/5/20
SX,420,64,420,0,2022/5/21
HB,2004,0,1995,7,2022/5/22
LN,1671,0,1664,2,2022/5/22
LN,1672,0,1665,2,2022/5/23
LN,1673,0,1665,2,2022/5/24
LN,1675,0,1668,2,2022/5/28
HB,2004,0,1997,7,2022/5/28
HB,2004,0,1997,7,2022/5/29
LN,1675,0,1671,2,2022/5/30
HB,2005,0,1997,7,2022/6/1
SX,421,64,420,0,2022/6/3
LN,1688,0,1671,2,2022/6/7
SX,422,64,420,0,2022/6/8
LN,1699,0,1671,2,2022/6/9
SX,422,64,421,0,2022/6/9
SX,423,64,421,0,2022/6/10
HB,2005,0,1998,7,2022/6/10
SX,422,64,423,0,2022/6/10
LN,1701,0,1671,2,2022/6/10
LN,1704,0,1672,2,2022/6/11
HB,2005,0,1998,7,2022/6/13
LN,1704,0,1673,2,2022/6/13
LN,1706,0,1677,2,2022/6/15
HB,2007,0,1998,7,2022/6/16
LN,1709,0,1681,2,2022/6/16
LN,1713,0,1683,2,2022/6/17
LN,1717,0,1686,2,2022/6/18
LN,1718,0,1688,2,2022/6/19
SX,423,64,422,0,2022/6/19
LN,1718,0,1691,2,2022/6/20
LN,1718,0,1696,2,2022/6/21
LN,1718,0,1698,2,2022/6/23
LN,1718,0,1700,2,2022/6/24
HB,2007,0,1999,7,2022/6/26
LN,1718,0,1703,2,2022/6/26
LN,1718,0,1708,2,2022/6/27
LN,1718,0,1711,2,2022/6/28
LN,1718,0,1714,2,2022/6/29
SX,423,64,423,0,2022/6/30
LN,1718,0,1715,2,2022/7/1
LN,1718,0,1715,2,2022/7/2
LN,1718,0,1715,2,2022/7/3
LN,1719,0,1715,2,2022/7/4
LN,1719,0,1716,2,2022/7/5
SX,424,64,423,0,2022/7/5
HB,2007,0,2000,7,2022/7/5
LN,1719,0,1716,2,2022/7/6
SX,426,64,423,0,2022/7/7
SX,427,64,423,0,2022/7/8
LN,1720,0,1716,2,2022/7/9
LN,1721,0,1716,2,2022/7/10
LN,1723,0,1716,2,2022/7/11
LN,1723,0,1716,2,2022/7/12
LN,1723,0,1716,2,2022/7/13
SX,427,64,425,0,2022/7/13
LN,1725,0,1717,2,2022/7/15
LN,1726,0,1717,2,2022/7/16
LN,1728,0,1717,2,2022/7/17
SX,427,64,426,0,2022/7/18
LN,1730,0,1717,2,2022/7/18
LN,1731,0,1721,2,2022/7/21
LN,1731,0,1722,2,2022/7/22
LN,1733,0,1722,2,2022/7/25
SX,427,64,427,0,2022/7/25
LN,1734,0,1722,2,2022/7/26
LN,1735,0,1726,2,2022/7/27
LN,1736,0,1727,2,2022/7/28
LN,1736,0,1728,2,2022/7/29
SX,428,64,427,0,2022/7/30
LN,1738,0,1729,2,2022/7/30
LN,1739,0,1729,2,2022/7/31
SX,429,64,427,0,2022/8/1
LN,1740,0,1729,2,2022/8/1
LN,1741,0,1729,2,2022/8/3
HB,2007,0,2000,7,2022/8/3
LN,1743,0,1730,2,2022/8/4
HB,2007,0,2000,7,2022/8/6
LN,1744,0,1730,2,2022/8/6
HB,2009,0,2000,7,2022/8/8
LN,1744,0,1734,2,2022/8/8
SX,429,64,428,0,2022/8/9
LN,1745,0,1734,2,2022/8/9
LN,1746,0,1734,2,2022/8/10
LN,1748,0,1735,2,2022/8/11
LN,1749,0,1735,2,2022/8/12
HB,2009,0,2000,7,2022/8/13
LN,1750,0,1735,2,2022/8/13
HB,2009,0,2000,7,2022/8/14
SX,429,64,429,0,2022/8/14
LN,1750,0,1737,2,2022/8/14
HB,2009,0,2000,7,2022/8/15
LN,1752,0,1740,2,2022/8/15
HB,2009,0,2000,7,2022/8/16
LN,1753,0,1741,2,2022/8/16
LN,1761,0,1742,2,2022/8/17
HB,2009,0,2001,7,2022/8/18
HB,2009,0,2001,7,2022/8/19
SX,430,64,429,0,2022/8/19
LN,1761,0,1743,2,2022/8/19
HB,2009,0,2001,7,2022/8/20
SX,434,64,429,0,2022/8/20
LN,1766,0,1746,2,2022/8/20
LN,1772,0,1747,2,2022/8/21
SX,439,64,429,0,2022/8/21
HB,2009,0,2001,7,2022/8/21
SX,441,64,429,0,2022/8/22
LN,1775,0,1748,2,2022/8/22
HB,2009,0,2002,7,2022/8/23
SX,443,64,429,0,2022/8/23
LN,1777,0,1753,2,2022/8/23
HB,2009,0,2002,7,2022/8/24
SX,444,64,429,0,2022/8/24
LN,1778,0,1756,2,2022/8/24
HB,2010,0,2002,7,2022/8/25
SX,447,64,429,0,2022/8/25
LN,1780,0,1757,2,2022/8/25
SX,449,64,429,0,2022/8/26
LN,1784,0,1760,2,2022/8/26
HB,2010,0,2002,7,2022/8/26
LN,1787,0,1760,2,2022/8/27
SX,453,64,430,0,2022/8/27
HB,2010,0,2002,7,2022/8/27
LN,1793,0,1761,2,2022/8/28
SX,462,64,430,0,2022/8/28
HB,2010,0,2002,7,2022/8/28
SX,464,64,431,0,2022/8/29
HB,2013,0,2002,7,2022/8/29
LN,1797,0,1763,2,2022/8/29
HB,2014,0,2002,7,2022/8/29
HB,2015,0,2002,7,2022/8/30
LN,1799,0,1764,2,2022/8/30
SX,466,64,434,0,2022/8/30
SX,469,64,434,0,2022/8/31
HB,2016,0,2002,7,2022/8/31
LN,1804,0,1766,2,2022/8/31
LN,1799,0,1764,2,2022/8/31
HB,2016,0,2003,7,2022/9/1
LN,1813,0,1766,2,2022/9/1
SX,469,64,437,0,2022/9/1
LN,1818,0,1770,2,2022/9/2
HB,2020,0,2003,7,2022/9/2
SX,469,64,438,0,2022/9/2
LN,1827,0,1770,2,2022/9/3
HB,2022,0,2003,7,2022/9/3
LN,1839,0,1770,2,2022/9/4
HB,2024,0,2003,7,2022/9/4
LN,1852,0,1773,2,2022/9/5
SX,469,64,442,0,2022/9/5
HB,2024,0,2003,7,2022/9/5
LN,1855,0,1773,2,2022/9/6
HB,2027,0,2003,7,2022/9/6
SX,469,64,444,0,2022/9/6
LN,1852,0,1773,2,2022/9/6
HB,2024,0,2003,7,2022/9/6
HB,2027,0,2003,7,2022/9/7
SX,469,64,445,0,2022/9/7
LN,1857,0,1773,2,2022/9/7
LN,1860,0,1774,2,2022/9/8
HB,2027,0,2005,7,2022/9/8
SX,469,64,446,0,2022/9/8
HB,2027,0,2005,7,2022/9/9
LN,1864,0,1776,2,2022/9/9
SX,469,64,448,0,2022/9/9
LN,1867,0,1778,2,2022/9/10
HB,2027,0,2005,7,2022/9/10
SX,469,64,452,0,2022/9/10
LN,1867,0,1781,2,2022/9/11
SX,469,64,457,0,2022/9/11
LN,1871,0,1787,2,2022/9/12
HB,2027,0,2008,7,2022/9/12
LN,1867,0,1781,2,2022/9/12
HB,2027,0,2008,7,2022/9/13
LN,1876,0,1789,2,2022/9/13
LN,1876,0,1793,2,2022/9/14
HB,2027,0,2010,7,2022/9/14
SX,469,64,458,0,2022/9/14
LN,1879,0,1801,2,2022/9/15
HB,2027,0,2011,7,2022/9/15
SX,469,64,459,0,2022/9/15
LN,1880,0,1813,2,2022/9/16
HB,2027,0,2013,7,2022/9/16
SX,469,64,460,0,2022/9/16
LN,1882,0,1814,2,2022/9/17
SX,469,64,462,0,2022/9/17
HB,2027,0,2014,7,2022/9/17
HB,2027,0,2015,7,2022/9/18
SX,469,64,463,0,2022/9/18
LN,1882,0,1824,2,2022/9/18
HB,2027,0,2016,7,2022/9/19
LN,1883,0,1827,2,2022/9/19
HB,2027,0,2017,7,2022/9/20
LN,1883,0,1831,2,2022/9/20
SX,469,64,466,0,2022/9/20
HB,2027,0,2017,7,2022/9/21
LN,1883,0,1838,2,2022/9/21
HB,2027,0,2017,7,2022/9/22
LN,1883,0,1846,2,2022/9/22
HB,2027,0,2017,7,2022/9/23
LN,1885,0,1852,2,2022/9/23
SX,469,64,468,0,2022/9/23
HB,2027,0,2017,7,2022/9/24
LN,1888,0,1861,2,2022/9/24
LN,1888,0,1863,2,2022/9/25
HB,2027,0,2017,7,2022/9/25
SX,469,64,469,0,2022/9/25
HB,2027,0,2017,7,2022/9/26
LN,1888,0,1864,2,2022/9/26
HB,2027,0,2017,7,2022/9/27
LN,1890,0,1866,2,2022/9/27
SX,469,64,469,0,2022/9/28
HB,2027,0,2017,7,2022/9/28
LN,1891,0,1869,2,2022/9/28
HB,2027,0,2018,7,2022/9/29
SX,472,64,469,0,2022/9/29
LN,1892,0,1871,2,2022/9/29
HB,2029,0,2019,7,2022/9/30
SX,475,64,469,0,2022/9/30
LN,1894,0,1873,2,2022/9/30
SX,482,64,469,0,2022/10/1
HB,2029,0,2019,7,2022/10/1
HB,2029,0,2019,7,2022/10/2
SX,491,64,469,0,2022/10/2
LN,1895,0,1876,2,2022/10/2
SX,494,64,469,0,2022/10/3
LN,1896,0,1880,2,2022/10/3
HB,2029,0,2019,7,2022/10/3
SX,499,64,469,0,2022/10/4
HB,2030,0,2019,7,2022/10/4
SX,505,64,469,0,2022/10/5
HB,2031,0,2019,7,2022/10/5
LN,1896,0,1885,2,2022/10/5
SX,513,64,469,0,2022/10/6
HB,2031,0,2020,7,2022/10/6
LN,1900,0,1885,2,2022/10/6
SX,521,64,470,0,2022/10/7
HB,2032,0,2020,7,2022/10/7
LN,1903,0,1887,2,2022/10/7
SX,551,64,470,0,2022/10/8
HB,2032,0,2022,7,2022/10/8
LN,1908,0,1889,2,2022/10/8
LN,1912,0,1889,2,2022/10/9
HB,2032,0,2022,7,2022/10/9
SX,571,64,470,0,2022/10/9
SX,551,64,470,0,2022/10/9
SX,596,64,471,0,2022/10/10
HB,2032,0,2022,7,2022/10/10
LN,1916,0,1893,2,2022/10/10
SX,612,64,471,0,2022/10/11
HB,2032,0,2022,7,2022/10/11
LN,1927,0,1893,2,2022/10/11
SX,690,64,478,0,2022/10/12
HB,2033,0,2022,7,2022/10/12
LN,1952,0,1894,2,2022/10/12
SX,752,64,487,0,2022/10/15
LN,2013,0,1900,2,2022/10/15
HB,2033,0,2022,7,2022/10/15
SX,897,64,529,0,2022/10/21
LN,2020,0,1921,2,2022/10/21
HB,2033,0,2025,7,2022/10/21
SX,916,64,572,0,2022/10/22
LN,2020,0,1941,2,2022/10/22
HB,2033,0,2025,7,2022/10/22
SX,1046,64,657,0,2022/10/25
LN,2021,0,1972,2,2022/10/25
HB,2033,0,2025,7,2022/10/25
SX,1172,64,667,0,2022/10/26
LN,2021,0,1978,2,2022/10/26
HB,2033,0,2025,7,2022/10/26
HB,2035,0,2026,7,2022/10/31
SX,1321,64,781,0,2022/10/31
LN,2032,0,1992,2,2022/10/31
SX,1481,64,863,0,2022/11/5
LN,2043,0,2008,2,2022/11/5
HB,2035,0,2026,7,2022/11/5
HB,2037,0,2027,7,2022/11/7
SX,1538,64,895,0,2022/11/7
LN,2047,0,2011,2,2022/11/7
SX,1640,64,912,0,2022/11/9
HB,2038,0,2027,7,2022/11/9
LN,2049,0,2016,2,2022/11/9
SX,1571,64,904,0,2022/11/9
LN,2049,0,2013,2,2022/11/9
HB,2037,0,2027,7,2022/11/9
SX,1675,64,920,0,2022/11/10
HB,2038,0,2028,7,2022/11/10
LN,2055,0,2018,2,2022/11/10
SX,1675,64,920,0,2022/11/11
HB,2038,0,2028,7,2022/11/11
SX,1877,64,983,0,2022/11/14
LN,2078,0,2032,2,2022/11/14
HB,2048,0,2029,7,2022/11/14
SX,2123,64,1118,0,2022/11/18
LN,2087,0,2049,2,2022/11/18
HB,2057,0,2030,7,2022/11/18
LN,2100,0,2051,2,2022/11/19
SX,2179,64,1127,0,2022/11/19
HB,2061,0,2031,7,2022/11/19
LN,2118,0,2062,2,2022/11/20
SX,2260,64,1147,0,2022/11/20
HB,2066,0,2032,7,2022/11/20
SX,2380,64,1180,0,2022/11/21
HB,2068,0,2032,7,2022/11/21
LN,2133,0,2071,2,2022/11/21
SX,3756,64,1538,0,2022/11/28
HB,2731,0,2071,7,2022/11/28
LN,2395,0,2107,2,2022/11/28
